0,성수2가1동,FILE,Dhino,2023-11-06 15:45:06.917931,성수2가1동에 대한 설명,"[성수2가1동, '지역', '수도권']"
1,성수2가3동,FILE,Admin,2023-11-06 15:45:06.917931,성수2가3동에 대한 설명,"[성수2가3동, '지역', '수도권']"
2,왕십리도선동,FILE,SY,2023-11-06 15:45:06.917931,왕십리도선동에 대한 설명,"[왕십리도선동, '지역', '수도권']"
3,길음1동,FILE,YS,2023-11-06 15:45:06.917931,길음1동에 대한 설명,"[길음1동, '지역', '수도권']"
4,삼선동,FILE,JH,2023-11-06 15:45:06.917931,삼선동에 대한 설명,"[삼선동, '지역', '수도권']"
5,월곡1동,FILE,JY,2023-11-06 15:45:06.917931,월곡1동에 대한 설명,"[월곡1동, '지역', '수도권']"
6,정릉1동,FILE,SY,2023-11-06 15:45:06.917931,정릉1동에 대한 설명,"[정릉1동, '지역', '수도권']"
7,정릉2동,FILE,Santiago,2023-11-06 15:45:06.917931,정릉2동에 대한 설명,"[정릉2동, '지역', '수도권']"
8,가락1동,FILE,YS,2023-11-06 15:45:06.917931,가락1동에 대한 설명,"[가락1동, '지역', '수도권']"
9,마천2동,FILE,Royd,2023-11-06 15:45:06.917931,마천2동에 대한 설명,"[마천2동, '지역', '수도권']"
10,문정1동,FILE,Santiago,2023-11-06 15:45:06.917931,문정1동에 대한 설명,"[문정1동, '지역', '수도권']"
11,석촌동,FILE,Gasfard,2023-11-06 15:45:06.917931,석촌동에 대한 설명,"[석촌동, '지역', '수도권']"
12,위례동,FILE,Santiago,2023-11-06 15:45:06.917931,위례동에 대한 설명,"[위례동, '지역', '수도권']"
13,잠실6동,FILE,YS,2023-11-06 15:45:06.917931,잠실6동에 대한 설명,"[잠실6동, '지역', '수도권']"
14,잠실7동,FILE,JH,2023-11-06 15:45:06.917931,잠실7동에 대한 설명,"[잠실7동, '지역', '수도권']"
15,매탄3동,FILE,YS,2023-11-06 15:45:06.917931,매탄3동에 대한 설명,"[매탄3동, '지역', '수도권']"
16,신현동,FILE,Santiago,2023-11-06 15:45:06.917931,신현동에 대한 설명,"[신현동, '지역', '수도권']"
17,연성동,FILE,Santiago,2023-11-06 15:45:06.917931,연성동에 대한 설명,"[연성동, '지역', '수도권']"
18,일동,FILE,Admin,2023-11-06 15:45:06.917931,일동에 대한 설명,"[일동, '지역', '수도권']"
19,갈산동,FILE,Dhino,2023-11-06 15:45:06.917931,갈산동에 대한 설명,"[갈산동, '지역', '수도권']"
20,관양1동,FILE,Admin,2023-11-06 15:45:06.917931,관양1동에 대한 설명,"[관양1동, '지역', '수도권']"
21,석수1동,FILE,Dhino,2023-11-06 15:45:06.917931,석수1동에 대한 설명,"[석수1동, '지역', '수도권']"
22,석수2동,FILE,JY,2023-11-06 15:45:06.917931,석수2동에 대한 설명,"[석수2동, '지역', '수도권']"
23,회천1동,FILE,JH,2023-11-06 15:45:06.917931,회천1동에 대한 설명,"[회천1동, '지역', '수도권']"
24,회천2동,FILE,SY,2023-11-06 15:45:06.917931,회천2동에 대한 설명,"[회천2동, '지역', '수도권']"
25,목1동,FILE,Santiago,2023-11-06 15:45:06.917931,목1동에 대한 설명,"[목1동, '지역', '수도권']"
26,목2동,FILE,Charlie,2023-11-06 15:45:06.917931,목2동에 대한 설명,"[목2동, '지역', '수도권']"
27,목4동,FILE,Pel,2023-11-06 15:45:06.917931,목4동에 대한 설명,"[목4동, '지역', '수도권']"
28,신월1동,FILE,SY,2023-11-06 15:45:06.917931,신월1동에 대한 설명,"[신월1동, '지역', '수도권']"
29,신월4동,FILE,Pierre,2023-11-06 15:45:06.917931,신월4동에 대한 설명,"[신월4동, '지역', '수도권']"
30,신월5동,FILE,MS,2023-11-06 15:45:06.917931,신월5동에 대한 설명,"[신월5동, '지역', '수도권']"
31,신정1동,FILE,JY,2023-11-06 15:45:06.917931,신정1동에 대한 설명,"[신정1동, '지역', '수도권']"
32,신정4동,FILE,Dhino,2023-11-06 15:45:06.917931,신정4동에 대한 설명,"[신정4동, '지역', '수도권']"
33,옥천면,FILE,YS,2023-11-06 15:45:06.917931,옥천면에 대한 설명,"[옥천면, '지역', '수도권']"
34,용문면,FILE,Gasfard,2023-11-06 15:45:06.917931,용문면에 대한 설명,"[용문면, '지역', '수도권']"
35,옥련2동,FILE,Royd,2023-11-06 15:45:06.917931,옥련2동에 대한 설명,"[옥련2동, '지역', '수도권']"
36,당산1동,FILE,JH,2023-11-06 15:45:06.917931,당산1동에 대한 설명,"[당산1동, '지역', '수도권']"
37,대림1동,FILE,Santiago,2023-11-06 15:45:06.917931,대림1동에 대한 설명,"[대림1동, '지역', '수도권']"
38,대림2동,FILE,JY,2023-11-06 15:45:06.917931,대림2동에 대한 설명,"[대림2동, '지역', '수도권']"
39,신길1동,FILE,YS,2023-11-06 15:45:06.917931,신길1동에 대한 설명,"[신길1동, '지역', '수도권']"
40,신길6동,FILE,Royd,2023-11-06 15:45:06.917931,신길6동에 대한 설명,"[신길6동, '지역', '수도권']"
41,신길7동,FILE,Dhino,2023-11-06 15:45:06.917931,신길7동에 대한 설명,"[신길7동, '지역', '수도권']"
42,여의동,FILE,Pierre,2023-11-06 15:45:06.917931,여의동에 대한 설명,"[여의동, '지역', '수도권']"
43,남영동,FILE,Pel,2023-11-06 15:45:06.917931,남영동에 대한 설명,"[남영동, '지역', '수도권']"
44,서빙고동,FILE,YS,2023-11-06 15:45:06.917931,서빙고동에 대한 설명,"[서빙고동, '지역', '수도권']"
45,용산2가동,FILE,Santiago,2023-11-06 15:45:06.917931,용산2가동에 대한 설명,"[용산2가동, '지역', '수도권']"
46,원효로2동,FILE,MS,2023-11-06 15:45:06.917931,원효로2동에 대한 설명,"[원효로2동, '지역', '수도권']"
47,이태원1동,FILE,MS,2023-11-06 15:45:06.917931,이태원1동에 대한 설명,"[이태원1동, '지역', '수도권']"
48,한강로동,FILE,JH,2023-11-06 15:45:06.917931,한강로동에 대한 설명,"[한강로동, '지역', '수도권']"
49,효창동,FILE,Pierre,2023-11-06 15:45:06.917931,효창동에 대한 설명,"[효창동, '지역', '수도권']"
50,상하동,FILE,Pel,2023-11-06 15:45:06.917931,상하동에 대한 설명,"[상하동, '지역', '수도권']"
51,신갈동,FILE,YS,2023-11-06 15:45:06.917931,신갈동에 대한 설명,"[신갈동, '지역', '수도권']"
52,풍덕천2동,FILE,Santiago,2023-11-06 15:45:06.917931,풍덕천2동에 대한 설명,"[풍덕천2동, '지역', '수도권']"
53,역삼동,FILE,JH,2023-11-06 15:45:06.917931,역삼동에 대한 설명,"[역삼동, '지역', '수도권']"
54,구산동,FILE,Admin,2023-11-06 15:45:06.917931,구산동에 대한 설명,"[구산동, '지역', '수도권']"
55,녹번동,FILE,SY,2023-11-06 15:45:06.917931,녹번동에 대한 설명,"[녹번동, '지역', '수도권']"
56,수색동,FILE,YS,2023-11-06 15:45:06.917931,수색동에 대한 설명,"[수색동, '지역', '수도권']"
57,응암2동,FILE,Pel,2023-11-06 15:45:06.917931,응암2동에 대한 설명,"[응암2동, '지역', '수도권']"
58,녹양동,FILE,Santiago,2023-11-06 15:45:06.917931,녹양동에 대한 설명,"[녹양동, '지역', '수도권']"
59,호원1동,FILE,Dhino,2023-11-06 15:45:06.917931,호원1동에 대한 설명,"[호원1동, '지역', '수도권']"
60,사직동,FILE,Admin,2023-11-06 15:45:06.917931,사직동에 대한 설명,"[사직동, '지역', '수도권']"
61,종로1.2.3.4가동,FILE,Dhino,2023-11-06 15:45:06.917931,종로1.2.3.4가동에 대한 설명,"[종로1.2.3.4가동, '지역', '수도권']"
62,청운효자동,FILE,SY,2023-11-06 15:45:06.917931,청운효자동에 대한 설명,"[청운효자동, '지역', '수도권']"
63,동화동,FILE,Royd,2023-11-06 15:45:06.917931,동화동에 대한 설명,"[동화동, '지역', '수도권']"
64,신당동,FILE,Santiago,2023-11-06 15:45:06.917931,신당동에 대한 설명,"[신당동, '지역', '수도권']"
65,장충동,FILE,MS,2023-11-06 15:45:06.917931,장충동에 대한 설명,"[장충동, '지역', '수도권']"
66,망우3동,FILE,JH,2023-11-06 15:45:06.917931,망우3동에 대한 설명,"[망우3동, '지역', '수도권']"
67,망우본동,FILE,Admin,2023-11-06 15:45:06.917931,망우본동에 대한 설명,"[망우본동, '지역', '수도권']"
68,면목5동,FILE,Pierre,2023-11-06 15:45:06.917931,면목5동에 대한 설명,"[면목5동, '지역', '수도권']"
69,면목7동,FILE,MS,2023-11-06 15:45:06.917931,면목7동에 대한 설명,"[면목7동, '지역', '수도권']"
70,상봉2동,FILE,Dhino,2023-11-06 15:45:06.917931,상봉2동에 대한 설명,"[상봉2동, '지역', '수도권']"
71,신내1동,FILE,Charlie,2023-11-06 15:45:06.917931,신내1동에 대한 설명,"[신내1동, '지역', '수도권']"
72,금촌2동,FILE,Dhino,2023-11-06 15:45:06.917931,금촌2동에 대한 설명,"[금촌2동, '지역', '수도권']"
73,문산읍,FILE,MS,2023-11-06 15:45:06.917931,문산읍에 대한 설명,"[문산읍, '지역', '수도권']"
74,금곡동,FILE,Pierre,2023-11-06 15:45:06.917931,금곡동에 대한 설명,"[금곡동, '지역', '수도권']"
75,백현동,FILE,Pel,2023-11-06 15:45:06.917931,백현동에 대한 설명,"[백현동, '지역', '수도권']"
76,이매1동,FILE,Charlie,2023-11-06 15:45:06.917931,이매1동에 대한 설명,"[이매1동, '지역', '수도권']"
77,수진2동,FILE,Royd,2023-11-06 15:45:06.917931,수진2동에 대한 설명,"[수진2동, '지역', '수도권']"
78,시흥동,FILE,Royd,2023-11-06 15:45:06.917931,시흥동에 대한 설명,"[시흥동, '지역', '수도권']"
79,신촌동,FILE,Dhino,2023-11-06 15:45:06.917931,신촌동에 대한 설명,"[신촌동, '지역', '수도권']"
80,상대원1동,FILE,SY,2023-11-06 15:45:06.917931,상대원1동에 대한 설명,"[상대원1동, '지역', '수도권']"
81,상대원2동,FILE,Santiago,2023-11-06 15:45:06.917931,상대원2동에 대한 설명,"[상대원2동, '지역', '수도권']"
82,마장동,FILE,JY,2023-11-06 15:45:06.917931,마장동에 대한 설명,"[마장동, '지역', '수도권']"
83,용답동,FILE,MS,2023-11-06 15:45:06.917931,용답동에 대한 설명,"[용답동, '지역', '수도권']"
84,월곡2동,FILE,Dhino,2023-11-06 15:45:06.917931,월곡2동에 대한 설명,"[월곡2동, '지역', '수도권']"
85,가락2동,FILE,JH,2023-11-06 15:45:06.917931,가락2동에 대한 설명,"[가락2동, '지역', '수도권']"
86,잠실2동,FILE,Royd,2023-11-06 15:45:06.917931,잠실2동에 대한 설명,"[잠실2동, '지역', '수도권']"
87,율천동,FILE,Admin,2023-11-06 15:45:06.917931,율천동에 대한 설명,"[율천동, '지역', '수도권']"
88,정왕본동,FILE,Dhino,2023-11-06 15:45:06.917931,정왕본동에 대한 설명,"[정왕본동, '지역', '수도권']"
89,관양2동,FILE,MS,2023-11-06 15:45:06.917931,관양2동에 대한 설명,"[관양2동, '지역', '수도권']"
90,목3동,FILE,Gasfard,2023-11-06 15:45:06.917931,목3동에 대한 설명,"[목3동, '지역', '수도권']"
91,신월2동,FILE,Pel,2023-11-06 15:45:06.917931,신월2동에 대한 설명,"[신월2동, '지역', '수도권']"
92,신정2동,FILE,Dhino,2023-11-06 15:45:06.917931,신정2동에 대한 설명,"[신정2동, '지역', '수도권']"
93,신정6동,FILE,MS,2023-11-06 15:45:06.917931,신정6동에 대한 설명,"[신정6동, '지역', '수도권']"
94,지평면,FILE,Pel,2023-11-06 15:45:06.917931,지평면에 대한 설명,"[지평면, '지역', '수도권']"
95,능서면,FILE,JY,2023-11-06 15:45:06.917931,능서면에 대한 설명,"[능서면, '지역', '수도권']"
96,대림3동,FILE,Pierre,2023-11-06 15:45:06.917931,대림3동에 대한 설명,"[대림3동, '지역', '수도권']"
97,영등포동,FILE,Santiago,2023-11-06 15:45:06.917931,영등포동에 대한 설명,"[영등포동, '지역', '수도권']"
98,보광동,FILE,JY,2023-11-06 15:45:06.917931,보광동에 대한 설명,"[보광동, '지역', '수도권']"
99,이촌1동,FILE,Gasfard,2023-11-06 15:45:06.917931,이촌1동에 대한 설명,"[이촌1동, '지역', '수도권']"
100,이태원2동,FILE,Admin,2023-11-06 15:45:06.917931,이태원2동에 대한 설명,"[이태원2동, '지역', '수도권']"
101,후암동,FILE,SY,2023-11-06 15:45:06.917931,후암동에 대한 설명,"[후암동, '지역', '수도권']"
102,유림동,FILE,Santiago,2023-11-06 15:45:06.917931,유림동에 대한 설명,"[유림동, '지역', '수도권']"
103,송산1동,FILE,Charlie,2023-11-06 15:45:06.917931,송산1동에 대한 설명,"[송산1동, '지역', '수도권']"
104,신포동,FILE,Santiago,2023-11-06 15:45:06.917931,신포동에 대한 설명,"[신포동, '지역', '수도권']"
105,약수동,FILE,Dhino,2023-11-06 15:45:06.917931,약수동에 대한 설명,"[약수동, '지역', '수도권']"
106,중림동,FILE,Admin,2023-11-06 15:45:06.917931,중림동에 대한 설명,"[중림동, '지역', '수도권']"
107,덕풍3동,FILE,SY,2023-11-06 15:45:06.917931,덕풍3동에 대한 설명,"[덕풍3동, '지역', '수도권']"
108,신흥1동,FILE,JH,2023-11-06 15:45:06.917931,신흥1동에 대한 설명,"[신흥1동, '지역', '수도권']"
109,신흥2동,FILE,JH,2023-11-06 15:45:06.917931,신흥2동에 대한 설명,"[신흥2동, '지역', '수도권']"
110,상대원3동,FILE,YS,2023-11-06 15:45:06.917931,상대원3동에 대한 설명,"[상대원3동, '지역', '수도권']"
111,성남동,FILE,JY,2023-11-06 15:45:06.917931,성남동에 대한 설명,"[성남동, '지역', '수도권']"
112,사근동,FILE,JH,2023-11-06 15:45:06.917931,사근동에 대한 설명,"[사근동, '지역', '수도권']"
113,길음2동,FILE,JH,2023-11-06 15:45:06.917931,길음2동에 대한 설명,"[길음2동, '지역', '수도권']"
114,문정2동,FILE,Santiago,2023-11-06 15:45:06.917931,문정2동에 대한 설명,"[문정2동, '지역', '수도권']"
115,송파1동,FILE,Pel,2023-11-06 15:45:06.917931,송파1동에 대한 설명,"[송파1동, '지역', '수도권']"
116,안양1동,FILE,Pel,2023-11-06 15:45:06.917931,안양1동에 대한 설명,"[안양1동, '지역', '수도권']"
117,목5동,FILE,Royd,2023-11-06 15:45:06.917931,목5동에 대한 설명,"[목5동, '지역', '수도권']"
118,신월6동,FILE,Pel,2023-11-06 15:45:06.917931,신월6동에 대한 설명,"[신월6동, '지역', '수도권']"
119,중앙동,FILE,Gasfard,2023-11-06 15:45:06.917931,중앙동에 대한 설명,"[중앙동, '지역', '수도권']"
120,용문동,FILE,MS,2023-11-06 15:45:06.917931,용문동에 대한 설명,"[용문동, '지역', '수도권']"
121,원효로1동,FILE,JH,2023-11-06 15:45:06.917931,원효로1동에 대한 설명,"[원효로1동, '지역', '수도권']"
122,동천동,FILE,Royd,2023-11-06 15:45:06.917931,동천동에 대한 설명,"[동천동, '지역', '수도권']"
123,신사1동,FILE,MS,2023-11-06 15:45:06.917931,신사1동에 대한 설명,"[신사1동, '지역', '수도권']"
124,응암3동,FILE,MS,2023-11-06 15:45:06.917931,응암3동에 대한 설명,"[응암3동, '지역', '수도권']"
125,송산2동,FILE,Dhino,2023-11-06 15:45:06.917931,송산2동에 대한 설명,"[송산2동, '지역', '수도권']"
126,호원2동,FILE,Pel,2023-11-06 15:45:06.917931,호원2동에 대한 설명,"[호원2동, '지역', '수도권']"
127,삼청동,FILE,Dhino,2023-11-06 15:45:06.917931,삼청동에 대한 설명,"[삼청동, '지역', '수도권']"
128,명동,FILE,JH,2023-11-06 15:45:06.917931,명동에 대한 설명,"[명동, '지역', '수도권']"
129,면목본동,FILE,YS,2023-11-06 15:45:06.917931,면목본동에 대한 설명,"[면목본동, '지역', '수도권']"
130,운정1동,FILE,Dhino,2023-11-06 15:45:06.917931,운정1동에 대한 설명,"[운정1동, '지역', '수도권']"
131,신장1동,FILE,MS,2023-11-06 15:45:06.917931,신장1동에 대한 설명,"[신장1동, '지역', '수도권']"
132,정자2동,FILE,Pel,2023-11-06 15:45:06.917931,정자2동에 대한 설명,"[정자2동, '지역', '수도권']"
133,정자3동,FILE,JH,2023-11-06 15:45:06.917931,정자3동에 대한 설명,"[정자3동, '지역', '수도권']"
134,정릉3동,FILE,YS,2023-11-06 15:45:06.917931,정릉3동에 대한 설명,"[정릉3동, '지역', '수도권']"
135,잠실본동,FILE,Pel,2023-11-06 15:45:06.917931,잠실본동에 대한 설명,"[잠실본동, '지역', '수도권']"
136,매교동,FILE,YS,2023-11-06 15:45:06.917931,매교동에 대한 설명,"[매교동, '지역', '수도권']"
137,선부3동,FILE,JH,2023-11-06 15:45:06.917931,선부3동에 대한 설명,"[선부3동, '지역', '수도권']"
138,신월3동,FILE,Gasfard,2023-11-06 15:45:06.917931,신월3동에 대한 설명,"[신월3동, '지역', '수도권']"
139,신정3동,FILE,Pel,2023-11-06 15:45:06.917931,신정3동에 대한 설명,"[신정3동, '지역', '수도권']"
140,신정7동,FILE,Gasfard,2023-11-06 15:45:06.917931,신정7동에 대한 설명,"[신정7동, '지역', '수도권']"
141,동춘2동,FILE,Dhino,2023-11-06 15:45:06.917931,동춘2동에 대한 설명,"[동춘2동, '지역', '수도권']"
142,신길3동,FILE,Pierre,2023-11-06 15:45:06.917931,신길3동에 대한 설명,"[신길3동, '지역', '수도권']"
143,이촌2동,FILE,Pierre,2023-11-06 15:45:06.917931,이촌2동에 대한 설명,"[이촌2동, '지역', '수도권']"
144,한남동,FILE,Pierre,2023-11-06 15:45:06.917931,한남동에 대한 설명,"[한남동, '지역', '수도권']"
145,구갈동,FILE,Royd,2023-11-06 15:45:06.917931,구갈동에 대한 설명,"[구갈동, '지역', '수도권']"
146,포곡읍,FILE,JH,2023-11-06 15:45:06.917931,포곡읍에 대한 설명,"[포곡읍, '지역', '수도권']"
147,갈현1동,FILE,Gasfard,2023-11-06 15:45:06.917931,갈현1동에 대한 설명,"[갈현1동, '지역', '수도권']"
148,대조동,FILE,Charlie,2023-11-06 15:45:06.917931,대조동에 대한 설명,"[대조동, '지역', '수도권']"
149,신곡1동,FILE,Gasfard,2023-11-06 15:45:06.917931,신곡1동에 대한 설명,"[신곡1동, '지역', '수도권']"
150,부발읍,FILE,JH,2023-11-06 15:45:06.917931,부발읍에 대한 설명,"[부발읍, '지역', '수도권']"
151,평창동,FILE,JH,2023-11-06 15:45:06.917931,평창동에 대한 설명,"[평창동, '지역', '수도권']"
152,청구동,FILE,Pel,2023-11-06 15:45:06.917931,청구동에 대한 설명,"[청구동, '지역', '수도권']"
153,양재1동,FILE,YS,2023-11-06 15:45:06.917931,양재1동에 대한 설명,"[양재1동, '지역', '수도권']"
154,양재2동,FILE,Pierre,2023-11-06 15:45:06.917931,양재2동에 대한 설명,"[양재2동, '지역', '수도권']"
155,고등동,FILE,Pel,2023-11-06 15:45:06.917931,고등동에 대한 설명,"[고등동, '지역', '수도권']"
156,석관동,FILE,Charlie,2023-11-06 15:45:06.917931,석관동에 대한 설명,"[석관동, '지역', '수도권']"
157,매산동,FILE,MS,2023-11-06 15:45:06.917931,매산동에 대한 설명,"[매산동, '지역', '수도권']"
158,신월7동,FILE,Royd,2023-11-06 15:45:06.917931,신월7동에 대한 설명,"[신월7동, '지역', '수도권']"
159,동춘3동,FILE,JY,2023-11-06 15:45:06.917931,동춘3동에 대한 설명,"[동춘3동, '지역', '수도권']"
160,양평1동,FILE,SY,2023-11-06 15:45:06.917931,양평1동에 대한 설명,"[양평1동, '지역', '수도권']"
161,청파동,FILE,Pel,2023-11-06 15:45:06.917931,청파동에 대한 설명,"[청파동, '지역', '수도권']"
162,상현1동,FILE,Santiago,2023-11-06 15:45:06.917931,상현1동에 대한 설명,"[상현1동, '지역', '수도권']"
163,증산동,FILE,JH,2023-11-06 15:45:06.917931,증산동에 대한 설명,"[증산동, '지역', '수도권']"
164,신둔면,FILE,Pel,2023-11-06 15:45:06.917931,신둔면에 대한 설명,"[신둔면, '지역', '수도권']"
165,종로5.6가동,FILE,Admin,2023-11-06 15:45:06.917931,종로5.6가동에 대한 설명,"[종로5.6가동, '지역', '수도권']"
166,필동,FILE,Pierre,2023-11-06 15:45:06.917931,필동에 대한 설명,"[필동, '지역', '수도권']"
167,면목2동,FILE,Gasfard,2023-11-06 15:45:06.917931,면목2동에 대한 설명,"[면목2동, '지역', '수도권']"
168,신내2동,FILE,MS,2023-11-06 15:45:06.917931,신내2동에 대한 설명,"[신내2동, '지역', '수도권']"
169,운정2동,FILE,JH,2023-11-06 15:45:06.917931,운정2동에 대한 설명,"[운정2동, '지역', '수도권']"
170,운정3동,FILE,Dhino,2023-11-06 15:45:06.917931,운정3동에 대한 설명,"[운정3동, '지역', '수도권']"
171,분당동,FILE,Gasfard,2023-11-06 15:45:06.917931,분당동에 대한 설명,"[분당동, '지역', '수도권']"
172,서현1동,FILE,Pierre,2023-11-06 15:45:06.917931,서현1동에 대한 설명,"[서현1동, '지역', '수도권']"
173,단대동,FILE,Admin,2023-11-06 15:45:06.917931,단대동에 대한 설명,"[단대동, '지역', '수도권']"
174,은행2동,FILE,Pel,2023-11-06 15:45:06.917931,은행2동에 대한 설명,"[은행2동, '지역', '수도권']"
175,송정동,FILE,Pel,2023-11-06 15:45:06.917931,송정동에 대한 설명,"[송정동, '지역', '수도권']"
176,응봉동,FILE,Charlie,2023-11-06 15:45:06.917931,응봉동에 대한 설명,"[응봉동, '지역', '수도권']"
177,돈암1동,FILE,JH,2023-11-06 15:45:06.917931,돈암1동에 대한 설명,"[돈암1동, '지역', '수도권']"
178,장위1동,FILE,Royd,2023-11-06 15:45:06.917931,장위1동에 대한 설명,"[장위1동, '지역', '수도권']"
179,가락본동,FILE,JY,2023-11-06 15:45:06.917931,가락본동에 대한 설명,"[가락본동, '지역', '수도권']"
180,잠실3동,FILE,Gasfard,2023-11-06 15:45:06.917931,잠실3동에 대한 설명,"[잠실3동, '지역', '수도권']"
181,초지동,FILE,JY,2023-11-06 15:45:06.917931,초지동에 대한 설명,"[초지동, '지역', '수도권']"
182,귀인동,FILE,Gasfard,2023-11-06 15:45:06.917931,귀인동에 대한 설명,"[귀인동, '지역', '수도권']"
183,달안동,FILE,Charlie,2023-11-06 15:45:06.917931,달안동에 대한 설명,"[달안동, '지역', '수도권']"
184,안양2동,FILE,MS,2023-11-06 15:45:06.917931,안양2동에 대한 설명,"[안양2동, '지역', '수도권']"
185,선학동,FILE,Royd,2023-11-06 15:45:06.917931,선학동에 대한 설명,"[선학동, '지역', '수도권']"
186,당산2동,FILE,SY,2023-11-06 15:45:06.917931,당산2동에 대한 설명,"[당산2동, '지역', '수도권']"
187,도림동,FILE,SY,2023-11-06 15:45:06.917931,도림동에 대한 설명,"[도림동, '지역', '수도권']"
188,동백동,FILE,JY,2023-11-06 15:45:06.917931,동백동에 대한 설명,"[동백동, '지역', '수도권']"
189,신사2동,FILE,SY,2023-11-06 15:45:06.917931,신사2동에 대한 설명,"[신사2동, '지역', '수도권']"
190,신곡2동,FILE,Gasfard,2023-11-06 15:45:06.917931,신곡2동에 대한 설명,"[신곡2동, '지역', '수도권']"
191,중리동,FILE,JH,2023-11-06 15:45:06.917931,중리동에 대한 설명,"[중리동, '지역', '수도권']"
192,숭인1동,FILE,MS,2023-11-06 15:45:06.917931,숭인1동에 대한 설명,"[숭인1동, '지역', '수도권']"
193,영종동,FILE,Pierre,2023-11-06 15:45:06.917931,영종동에 대한 설명,"[영종동, '지역', '수도권']"
194,묵1동,FILE,MS,2023-11-06 15:45:06.917931,묵1동에 대한 설명,"[묵1동, '지역', '수도권']"
195,신장2동,FILE,Charlie,2023-11-06 15:45:06.917931,신장2동에 대한 설명,"[신장2동, '지역', '수도권']"
196,신흥3동,FILE,YS,2023-11-06 15:45:06.917931,신흥3동에 대한 설명,"[신흥3동, '지역', '수도권']"
197,하대원동,FILE,Charlie,2023-11-06 15:45:06.917931,하대원동에 대한 설명,"[하대원동, '지역', '수도권']"
198,금호1가동,FILE,SY,2023-11-06 15:45:06.917931,금호1가동에 대한 설명,"[금호1가동, '지역', '수도권']"
199,성수1가1동,FILE,YS,2023-11-06 15:45:06.917931,성수1가1동에 대한 설명,"[성수1가1동, '지역', '수도권']"
200,정릉4동,FILE,Gasfard,2023-11-06 15:45:06.917931,정릉4동에 대한 설명,"[정릉4동, '지역', '수도권']"
201,방이1동,FILE,JH,2023-11-06 15:45:06.917931,방이1동에 대한 설명,"[방이1동, '지역', '수도권']"
202,송파2동,FILE,Royd,2023-11-06 15:45:06.917931,송파2동에 대한 설명,"[송파2동, '지역', '수도권']"
203,범계동,FILE,JY,2023-11-06 15:45:06.917931,범계동에 대한 설명,"[범계동, '지역', '수도권']"
204,부림동,FILE,Santiago,2023-11-06 15:45:06.917931,부림동에 대한 설명,"[부림동, '지역', '수도권']"
205,부흥동,FILE,Gasfard,2023-11-06 15:45:06.917931,부흥동에 대한 설명,"[부흥동, '지역', '수도권']"
206,비산1동,FILE,JY,2023-11-06 15:45:06.917931,비산1동에 대한 설명,"[비산1동, '지역', '수도권']"
207,송도2동,FILE,Gasfard,2023-11-06 15:45:06.917931,송도2동에 대한 설명,"[송도2동, '지역', '수도권']"
208,신길4동,FILE,Royd,2023-11-06 15:45:06.917931,신길4동에 대한 설명,"[신길4동, '지역', '수도권']"
209,영등포본동,FILE,Santiago,2023-11-06 15:45:06.917931,영등포본동에 대한 설명,"[영등포본동, '지역', '수도권']"
210,마북동,FILE,Dhino,2023-11-06 15:45:06.917931,마북동에 대한 설명,"[마북동, '지역', '수도권']"
211,성복동,FILE,Pel,2023-11-06 15:45:06.917931,성복동에 대한 설명,"[성복동, '지역', '수도권']"
212,가회동,FILE,Gasfard,2023-11-06 15:45:06.917931,가회동에 대한 설명,"[가회동, '지역', '수도권']"
213,숭인2동,FILE,Charlie,2023-11-06 15:45:06.917931,숭인2동에 대한 설명,"[숭인2동, '지역', '수도권']"
214,혜화동,FILE,Gasfard,2023-11-06 15:45:06.917931,혜화동에 대한 설명,"[혜화동, '지역', '수도권']"
215,북성동,FILE,Charlie,2023-11-06 15:45:06.917931,북성동에 대한 설명,"[북성동, '지역', '수도권']"
216,운서동,FILE,MS,2023-11-06 15:45:06.917931,운서동에 대한 설명,"[운서동, '지역', '수도권']"
217,면목3.8동,FILE,Dhino,2023-11-06 15:45:06.917931,면목3.8동에 대한 설명,"[면목3.8동, '지역', '수도권']"
218,중화1동,FILE,Gasfard,2023-11-06 15:45:06.917931,중화1동에 대한 설명,"[중화1동, '지역', '수도권']"
219,월롱면,FILE,JY,2023-11-06 15:45:06.917931,월롱면에 대한 설명,"[월롱면, '지역', '수도권']"
220,옥수동,FILE,Pel,2023-11-06 15:45:06.917931,옥수동에 대한 설명,"[옥수동, '지역', '수도권']"
221,돈암2동,FILE,Royd,2023-11-06 15:45:06.917931,돈암2동에 대한 설명,"[돈암2동, '지역', '수도권']"
222,성북동,FILE,Dhino,2023-11-06 15:45:06.917931,성북동에 대한 설명,"[성북동, '지역', '수도권']"
223,장위2동,FILE,SY,2023-11-06 15:45:06.917931,장위2동에 대한 설명,"[장위2동, '지역', '수도권']"
224,거여1동,FILE,YS,2023-11-06 15:45:06.917931,거여1동에 대한 설명,"[거여1동, '지역', '수도권']"
225,오금동,FILE,SY,2023-11-06 15:45:06.917931,오금동에 대한 설명,"[오금동, '지역', '수도권']"
226,잠실4동,FILE,MS,2023-11-06 15:45:06.917931,잠실4동에 대한 설명,"[잠실4동, '지역', '수도권']"
227,장지동,FILE,Dhino,2023-11-06 15:45:06.917931,장지동에 대한 설명,"[장지동, '지역', '수도권']"
228,인계동,FILE,Gasfard,2023-11-06 15:45:06.917931,인계동에 대한 설명,"[인계동, '지역', '수도권']"
229,호수동,FILE,MS,2023-11-06 15:45:06.917931,호수동에 대한 설명,"[호수동, '지역', '수도권']"
230,비산2동,FILE,Royd,2023-11-06 15:45:06.917931,비산2동에 대한 설명,"[비산2동, '지역', '수도권']"
231,안양3동,FILE,YS,2023-11-06 15:45:06.917931,안양3동에 대한 설명,"[안양3동, '지역', '수도권']"
232,안양4동,FILE,Gasfard,2023-11-06 15:45:06.917931,안양4동에 대한 설명,"[안양4동, '지역', '수도권']"
233,양서면,FILE,Pierre,2023-11-06 15:45:06.917931,양서면에 대한 설명,"[양서면, '지역', '수도권']"
234,양평2동,FILE,Pel,2023-11-06 15:45:06.917931,양평2동에 대한 설명,"[양평2동, '지역', '수도권']"
235,갈현2동,FILE,Admin,2023-11-06 15:45:06.917931,갈현2동에 대한 설명,"[갈현2동, '지역', '수도권']"
236,불광1동,FILE,SY,2023-11-06 15:45:06.917931,불광1동에 대한 설명,"[불광1동, '지역', '수도권']"
237,의정부1동,FILE,Charlie,2023-11-06 15:45:06.917931,의정부1동에 대한 설명,"[의정부1동, '지역', '수도권']"
238,소공동,FILE,YS,2023-11-06 15:45:06.917931,소공동에 대한 설명,"[소공동, '지역', '수도권']"
239,묵2동,FILE,Santiago,2023-11-06 15:45:06.917931,묵2동에 대한 설명,"[묵2동, '지역', '수도권']"
240,파주읍,FILE,Dhino,2023-11-06 15:45:06.917931,파주읍에 대한 설명,"[파주읍, '지역', '수도권']"
241,잠원동,FILE,Charlie,2023-11-06 15:45:06.917931,잠원동에 대한 설명,"[잠원동, '지역', '수도권']"
242,서현2동,FILE,Gasfard,2023-11-06 15:45:06.917931,서현2동에 대한 설명,"[서현2동, '지역', '수도권']"
243,양지동,FILE,Royd,2023-11-06 15:45:06.917931,양지동에 대한 설명,"[양지동, '지역', '수도권']"
244,행당1동,FILE,JH,2023-11-06 15:45:06.917931,행당1동에 대한 설명,"[행당1동, '지역', '수도권']"
245,비산3동,FILE,Pel,2023-11-06 15:45:06.917931,비산3동에 대한 설명,"[비산3동, '지역', '수도권']"
246,안양5동,FILE,JY,2023-11-06 15:45:06.917931,안양5동에 대한 설명,"[안양5동, '지역', '수도권']"
247,양평읍,FILE,Gasfard,2023-11-06 15:45:06.917931,양평읍에 대한 설명,"[양평읍, '지역', '수도권']"
248,연수1동,FILE,Pel,2023-11-06 15:45:06.917931,연수1동에 대한 설명,"[연수1동, '지역', '수도권']"
249,문래동,FILE,YS,2023-11-06 15:45:06.917931,문래동에 대한 설명,"[문래동, '지역', '수도권']"
250,보정동,FILE,Admin,2023-11-06 15:45:06.917931,보정동에 대한 설명,"[보정동, '지역', '수도권']"
251,죽전2동,FILE,JY,2023-11-06 15:45:06.917931,죽전2동에 대한 설명,"[죽전2동, '지역', '수도권']"
252,진관동,FILE,SY,2023-11-06 15:45:06.917931,진관동에 대한 설명,"[진관동, '지역', '수도권']"
253,교남동,FILE,Admin,2023-11-06 15:45:06.917931,교남동에 대한 설명,"[교남동, '지역', '수도권']"
254,을지로동,FILE,Admin,2023-11-06 15:45:06.917931,을지로동에 대한 설명,"[을지로동, '지역', '수도권']"
255,황학동,FILE,Dhino,2023-11-06 15:45:06.917931,황학동에 대한 설명,"[황학동, '지역', '수도권']"
256,중화2동,FILE,Royd,2023-11-06 15:45:06.917931,중화2동에 대한 설명,"[중화2동, '지역', '수도권']"
257,서정동,FILE,Gasfard,2023-11-06 15:45:06.917931,서정동에 대한 설명,"[서정동, '지역', '수도권']"
258,초이동,FILE,Dhino,2023-11-06 15:45:06.917931,초이동에 대한 설명,"[초이동, '지역', '수도권']"
259,풍산동,FILE,SY,2023-11-06 15:45:06.917931,풍산동에 대한 설명,"[풍산동, '지역', '수도권']"
260,동탄3동,FILE,YS,2023-11-06 15:45:06.917931,동탄3동에 대한 설명,"[동탄3동, '지역', '수도권']"
261,수내1동,FILE,Royd,2023-11-06 15:45:06.917931,수내1동에 대한 설명,"[수내1동, '지역', '수도권']"
262,산성동,FILE,JY,2023-11-06 15:45:06.917931,산성동에 대한 설명,"[산성동, '지역', '수도권']"
263,금호2.3가동,FILE,Pel,2023-11-06 15:45:06.917931,금호2.3가동에 대한 설명,"[금호2.3가동, '지역', '수도권']"
264,방이2동,FILE,Pierre,2023-11-06 15:45:06.917931,방이2동에 대한 설명,"[방이2동, '지역', '수도권']"
265,화서2동,FILE,MS,2023-11-06 15:45:06.917931,화서2동에 대한 설명,"[화서2동, '지역', '수도권']"
266,반월동,FILE,Pel,2023-11-06 15:45:06.917931,반월동에 대한 설명,"[반월동, '지역', '수도권']"
267,평촌동,FILE,Royd,2023-11-06 15:45:06.917931,평촌동에 대한 설명,"[평촌동, '지역', '수도권']"
268,안양6동,FILE,Charlie,2023-11-06 15:45:06.917931,안양6동에 대한 설명,"[안양6동, '지역', '수도권']"
269,연수2동,FILE,JH,2023-11-06 15:45:06.917931,연수2동에 대한 설명,"[연수2동, '지역', '수도권']"
270,신길5동,FILE,JH,2023-11-06 15:45:06.917931,신길5동에 대한 설명,"[신길5동, '지역', '수도권']"
271,광교1동,FILE,Gasfard,2023-11-06 15:45:06.917931,광교1동에 대한 설명,"[광교1동, '지역', '수도권']"
272,상갈동,FILE,MS,2023-11-06 15:45:06.917931,상갈동에 대한 설명,"[상갈동, '지역', '수도권']"
273,역촌동,FILE,Admin,2023-11-06 15:45:06.917931,역촌동에 대한 설명,"[역촌동, '지역', '수도권']"
274,의정부2동,FILE,Santiago,2023-11-06 15:45:06.917931,의정부2동에 대한 설명,"[의정부2동, '지역', '수도권']"
275,창신1동,FILE,JY,2023-11-06 15:45:06.917931,창신1동에 대한 설명,"[창신1동, '지역', '수도권']"
276,광희동,FILE,Dhino,2023-11-06 15:45:06.917931,광희동에 대한 설명,"[광희동, '지역', '수도권']"
277,매송면,FILE,JY,2023-11-06 15:45:06.917931,매송면에 대한 설명,"[매송면, '지역', '수도권']"
278,태평1동,FILE,YS,2023-11-06 15:45:06.917931,태평1동에 대한 설명,"[태평1동, '지역', '수도권']"
279,성수1가2동,FILE,MS,2023-11-06 15:45:06.917931,성수1가2동에 대한 설명,"[성수1가2동, '지역', '수도권']"
280,왕십리2동,FILE,Pierre,2023-11-06 15:45:06.917931,왕십리2동에 대한 설명,"[왕십리2동, '지역', '수도권']"
281,동선동,FILE,JY,2023-11-06 15:45:06.917931,동선동에 대한 설명,"[동선동, '지역', '수도권']"
282,안암동,FILE,Pierre,2023-11-06 15:45:06.917931,안암동에 대한 설명,"[안암동, '지역', '수도권']"
283,종암동,FILE,Pierre,2023-11-06 15:45:06.917931,종암동에 대한 설명,"[종암동, '지역', '수도권']"
284,거여2동,FILE,Pierre,2023-11-06 15:45:06.917931,거여2동에 대한 설명,"[거여2동, '지역', '수도권']"
285,오륜동,FILE,JY,2023-11-06 15:45:06.917931,오륜동에 대한 설명,"[오륜동, '지역', '수도권']"
286,연수3동,FILE,MS,2023-11-06 15:45:06.917931,연수3동에 대한 설명,"[연수3동, '지역', '수도권']"
287,불광2동,FILE,MS,2023-11-06 15:45:06.917931,불광2동에 대한 설명,"[불광2동, '지역', '수도권']"
288,무악동,FILE,Royd,2023-11-06 15:45:06.917931,무악동에 대한 설명,"[무악동, '지역', '수도권']"
289,부암동,FILE,Gasfard,2023-11-06 15:45:06.917931,부암동에 대한 설명,"[부암동, '지역', '수도권']"
290,이화동,FILE,MS,2023-11-06 15:45:06.917931,이화동에 대한 설명,"[이화동, '지역', '수도권']"
291,회현동,FILE,JY,2023-11-06 15:45:06.917931,회현동에 대한 설명,"[회현동, '지역', '수도권']"
292,면목4동,FILE,Pel,2023-11-06 15:45:06.917931,면목4동에 대한 설명,"[면목4동, '지역', '수도권']"
293,상봉1동,FILE,Pierre,2023-11-06 15:45:06.917931,상봉1동에 대한 설명,"[상봉1동, '지역', '수도권']"
294,세교동,FILE,Dhino,2023-11-06 15:45:06.917931,세교동에 대한 설명,"[세교동, '지역', '수도권']"
295,진안동,FILE,JY,2023-11-06 15:45:06.917931,진안동에 대한 설명,"[진안동, '지역', '수도권']"
296,금호4가동,FILE,Dhino,2023-11-06 15:45:06.917931,금호4가동에 대한 설명,"[금호4가동, '지역', '수도권']"
297,장위3동,FILE,Charlie,2023-11-06 15:45:06.917931,장위3동에 대한 설명,"[장위3동, '지역', '수도권']"
298,마천1동,FILE,Pel,2023-11-06 15:45:06.917931,마천1동에 대한 설명,"[마천1동, '지역', '수도권']"
299,풍납1동,FILE,SY,2023-11-06 15:45:06.917931,풍납1동에 대한 설명,"[풍납1동, '지역', '수도권']"
300,능곡동,FILE,Santiago,2023-11-06 15:45:06.917931,능곡동에 대한 설명,"[능곡동, '지역', '수도권']"
301,본오2동,FILE,YS,2023-11-06 15:45:06.917931,본오2동에 대한 설명,"[본오2동, '지역', '수도권']"
302,안양7동,FILE,JY,2023-11-06 15:45:06.917931,안양7동에 대한 설명,"[안양7동, '지역', '수도권']"
303,안양8동,FILE,Gasfard,2023-11-06 15:45:06.917931,안양8동에 대한 설명,"[안양8동, '지역', '수도권']"
304,고천동,FILE,Pierre,2023-11-06 15:45:06.917931,고천동에 대한 설명,"[고천동, '지역', '수도권']"
305,신당5동,FILE,YS,2023-11-06 15:45:06.917931,신당5동에 대한 설명,"[신당5동, '지역', '수도권']"
306,광탄면,FILE,MS,2023-11-06 15:45:06.917931,광탄면에 대한 설명,"[광탄면, '지역', '수도권']"
307,원평동,FILE,Royd,2023-11-06 15:45:06.917931,원평동에 대한 설명,"[원평동, '지역', '수도권']"
308,구미1동,FILE,JY,2023-11-06 15:45:06.917931,구미1동에 대한 설명,"[구미1동, '지역', '수도권']"
309,구미동,FILE,Santiago,2023-11-06 15:45:06.917931,구미동에 대한 설명,"[구미동, '지역', '수도권']"
310,수내2동,FILE,Admin,2023-11-06 15:45:06.917931,수내2동에 대한 설명,"[수내2동, '지역', '수도권']"
311,수내3동,FILE,Santiago,2023-11-06 15:45:06.917931,수내3동에 대한 설명,"[수내3동, '지역', '수도권']"
312,수진1동,FILE,JY,2023-11-06 15:45:06.917931,수진1동에 대한 설명,"[수진1동, '지역', '수도권']"
313,행당2동,FILE,JY,2023-11-06 15:45:06.917931,행당2동에 대한 설명,"[행당2동, '지역', '수도권']"
314,보문동,FILE,Pierre,2023-11-06 15:45:06.917931,보문동에 대한 설명,"[보문동, '지역', '수도권']"
315,풍납2동,FILE,SY,2023-11-06 15:45:06.917931,풍납2동에 대한 설명,"[풍납2동, '지역', '수도권']"
316,대야동,FILE,Dhino,2023-11-06 15:45:06.917931,대야동에 대한 설명,"[대야동, '지역', '수도권']"
317,이동,FILE,Dhino,2023-11-06 15:45:06.917931,이동에 대한 설명,"[이동, '지역', '수도권']"
318,호계1동,FILE,Pierre,2023-11-06 15:45:06.917931,호계1동에 대한 설명,"[호계1동, '지역', '수도권']"
319,호계2동,FILE,Royd,2023-11-06 15:45:06.917931,호계2동에 대한 설명,"[호계2동, '지역', '수도권']"
320,호계3동,FILE,Pel,2023-11-06 15:45:06.917931,호계3동에 대한 설명,"[호계3동, '지역', '수도권']"
321,양주1동,FILE,JY,2023-11-06 15:45:06.917931,양주1동에 대한 설명,"[양주1동, '지역', '수도권']"
322,대원동,FILE,MS,2023-11-06 15:45:06.917931,대원동에 대한 설명,"[대원동, '지역', '수도권']"
323,응암1동,FILE,Gasfard,2023-11-06 15:45:06.917931,응암1동에 대한 설명,"[응암1동, '지역', '수도권']"
324,내손1동,FILE,Admin,2023-11-06 15:45:06.917931,내손1동에 대한 설명,"[내손1동, '지역', '수도권']"
325,의정부3동,FILE,YS,2023-11-06 15:45:06.917931,의정부3동에 대한 설명,"[의정부3동, '지역', '수도권']"
326,창신2동,FILE,JY,2023-11-06 15:45:06.917931,창신2동에 대한 설명,"[창신2동, '지역', '수도권']"
327,창신3동,FILE,JH,2023-11-06 15:45:06.917931,창신3동에 대한 설명,"[창신3동, '지역', '수도권']"
328,교하동,FILE,JH,2023-11-06 15:45:06.917931,교하동에 대한 설명,"[교하동, '지역', '수도권']"
329,야탑1동,FILE,MS,2023-11-06 15:45:06.917931,야탑1동에 대한 설명,"[야탑1동, '지역', '수도권']"
330,태평2동,FILE,YS,2023-11-06 15:45:06.917931,태평2동에 대한 설명,"[태평2동, '지역', '수도권']"
331,삼전동,FILE,Santiago,2023-11-06 15:45:06.917931,삼전동에 대한 설명,"[삼전동, '지역', '수도권']"
332,신천동,FILE,SY,2023-11-06 15:45:06.917931,신천동에 대한 설명,"[신천동, '지역', '수도권']"
333,세마동,FILE,JY,2023-11-06 15:45:06.917931,세마동에 대한 설명,"[세마동, '지역', '수도권']"
334,부곡동,FILE,SY,2023-11-06 15:45:06.917931,부곡동에 대한 설명,"[부곡동, '지역', '수도권']"
335,오전동,FILE,Admin,2023-11-06 15:45:06.917931,오전동에 대한 설명,"[오전동, '지역', '수도권']"
336,장암동,FILE,Gasfard,2023-11-06 15:45:06.917931,장암동에 대한 설명,"[장암동, '지역', '수도권']"
337,다산동,FILE,Santiago,2023-11-06 15:45:06.917931,다산동에 대한 설명,"[다산동, '지역', '수도권']"
338,금촌1동,FILE,JH,2023-11-06 15:45:06.917931,금촌1동에 대한 설명,"[금촌1동, '지역', '수도권']"
339,진위면,FILE,SY,2023-11-06 15:45:06.917931,진위면에 대한 설명,"[진위면, '지역', '수도권']"
340,감북동,FILE,Admin,2023-11-06 15:45:06.917931,감북동에 대한 설명,"[감북동, '지역', '수도권']"
341,평동,FILE,JH,2023-11-06 15:45:06.917931,평동에 대한 설명,"[평동, '지역', '수도권']"
342,장흥면,FILE,YS,2023-11-06 15:45:06.917931,장흥면에 대한 설명,"[장흥면, '지역', '수도권']"
343,신장동,FILE,Pel,2023-11-06 15:45:06.917931,신장동에 대한 설명,"[신장동, '지역', '수도권']"
344,가능1동,FILE,Royd,2023-11-06 15:45:06.917931,가능1동에 대한 설명,"[가능1동, '지역', '수도권']"
345,태평3동,FILE,Royd,2023-11-06 15:45:06.917931,태평3동에 대한 설명,"[태평3동, '지역', '수도권']"
346,금광2동,FILE,SY,2023-11-06 15:45:06.917931,금광2동에 대한 설명,"[금광2동, '지역', '수도권']"
347,야탑2동,FILE,MS,2023-11-06 15:45:06.917931,야탑2동에 대한 설명,"[야탑2동, '지역', '수도권']"
348,도촌동,FILE,Pel,2023-11-06 15:45:06.917931,도촌동에 대한 설명,"[도촌동, '지역', '수도권']"
349,둔촌1동,FILE,SY,2023-11-06 15:45:06.917931,둔촌1동에 대한 설명,"[둔촌1동, '지역', '수도권']"
350,성내1동,FILE,SY,2023-11-06 15:45:06.917931,성내1동에 대한 설명,"[성내1동, '지역', '수도권']"
351,암사3동,FILE,YS,2023-11-06 15:45:06.917931,암사3동에 대한 설명,"[암사3동, '지역', '수도권']"
352,천호1동,FILE,JH,2023-11-06 15:45:06.917931,천호1동에 대한 설명,"[천호1동, '지역', '수도권']"
353,번2동,FILE,Pel,2023-11-06 15:45:06.917931,번2동에 대한 설명,"[번2동, '지역', '수도권']"
354,수유1동,FILE,JY,2023-11-06 15:45:06.917931,수유1동에 대한 설명,"[수유1동, '지역', '수도권']"
355,가양2동,FILE,SY,2023-11-06 15:45:06.917931,가양2동에 대한 설명,"[가양2동, '지역', '수도권']"
356,발산1동,FILE,Pierre,2023-11-06 15:45:06.917931,발산1동에 대한 설명,"[발산1동, '지역', '수도권']"
357,염창동,FILE,Dhino,2023-11-06 15:45:06.917931,염창동에 대한 설명,"[염창동, '지역', '수도권']"
358,화곡6동,FILE,Admin,2023-11-06 15:45:06.917931,화곡6동에 대한 설명,"[화곡6동, '지역', '수도권']"
359,대덕동,FILE,Santiago,2023-11-06 15:45:06.917931,대덕동에 대한 설명,"[대덕동, '지역', '수도권']"
360,행신3동,FILE,JH,2023-11-06 15:45:06.917931,행신3동에 대한 설명,"[행신3동, '지역', '수도권']"
361,마두1동,FILE,Pel,2023-11-06 15:45:06.917931,마두1동에 대한 설명,"[마두1동, '지역', '수도권']"
362,대화동,FILE,Santiago,2023-11-06 15:45:06.917931,대화동에 대한 설명,"[대화동, '지역', '수도권']"
363,과천동,FILE,MS,2023-11-06 15:45:06.917931,과천동에 대한 설명,"[과천동, '지역', '수도권']"
364,난향동,FILE,YS,2023-11-06 15:45:06.917931,난향동에 대한 설명,"[난향동, '지역', '수도권']"
365,삼성동,FILE,Santiago,2023-11-06 15:45:06.917931,삼성동에 대한 설명,"[삼성동, '지역', '수도권']"
366,서림동,FILE,MS,2023-11-06 15:45:06.917931,서림동에 대한 설명,"[서림동, '지역', '수도권']"
367,서원동,FILE,SY,2023-11-06 15:45:06.917931,서원동에 대한 설명,"[서원동, '지역', '수도권']"
368,성현동,FILE,SY,2023-11-06 15:45:06.917931,성현동에 대한 설명,"[성현동, '지역', '수도권']"
369,신사동,FILE,Admin,2023-11-06 15:45:06.917931,신사동에 대한 설명,"[신사동, '지역', '수도권']"
370,은천동,FILE,Admin,2023-11-06 15:45:06.917931,은천동에 대한 설명,"[은천동, '지역', '수도권']"
371,조원동,FILE,JH,2023-11-06 15:45:06.917931,조원동에 대한 설명,"[조원동, '지역', '수도권']"
372,청림동,FILE,YS,2023-11-06 15:45:06.917931,청림동에 대한 설명,"[청림동, '지역', '수도권']"
373,광명5동,FILE,Charlie,2023-11-06 15:45:06.917931,광명5동에 대한 설명,"[광명5동, '지역', '수도권']"
374,철산3동,FILE,JY,2023-11-06 15:45:06.917931,철산3동에 대한 설명,"[철산3동, '지역', '수도권']"
375,광남동,FILE,JY,2023-11-06 15:45:06.917931,광남동에 대한 설명,"[광남동, '지역', '수도권']"
376,구의2동,FILE,JY,2023-11-06 15:45:06.917931,구의2동에 대한 설명,"[구의2동, '지역', '수도권']"
377,자양1동,FILE,Charlie,2023-11-06 15:45:06.917931,자양1동에 대한 설명,"[자양1동, '지역', '수도권']"
378,중곡3동,FILE,YS,2023-11-06 15:45:06.917931,중곡3동에 대한 설명,"[중곡3동, '지역', '수도권']"
379,개봉2동,FILE,Dhino,2023-11-06 15:45:06.917931,개봉2동에 대한 설명,"[개봉2동, '지역', '수도권']"
380,구로3동,FILE,Admin,2023-11-06 15:45:06.917931,구로3동에 대한 설명,"[구로3동, '지역', '수도권']"
381,서초3동,FILE,JY,2023-11-06 15:45:06.917931,서초3동에 대한 설명,"[서초3동, '지역', '수도권']"
382,구로5동,FILE,JH,2023-11-06 15:45:06.917931,구로5동에 대한 설명,"[구로5동, '지역', '수도권']"
383,수궁동,FILE,Admin,2023-11-06 15:45:06.917931,수궁동에 대한 설명,"[수궁동, '지역', '수도권']"
384,오류1동,FILE,Pel,2023-11-06 15:45:06.917931,오류1동에 대한 설명,"[오류1동, '지역', '수도권']"
385,수택1동,FILE,YS,2023-11-06 15:45:06.917931,수택1동에 대한 설명,"[수택1동, '지역', '수도권']"
386,수택2동,FILE,Santiago,2023-11-06 15:45:06.917931,수택2동에 대한 설명,"[수택2동, '지역', '수도권']"
387,수택3동,FILE,JH,2023-11-06 15:45:06.917931,수택3동에 대한 설명,"[수택3동, '지역', '수도권']"
388,궁내동,FILE,Pel,2023-11-06 15:45:06.917931,궁내동에 대한 설명,"[궁내동, '지역', '수도권']"
389,재궁동,FILE,JY,2023-11-06 15:45:06.917931,재궁동에 대한 설명,"[재궁동, '지역', '수도권']"
390,독산2동,FILE,JH,2023-11-06 15:45:06.917931,독산2동에 대한 설명,"[독산2동, '지역', '수도권']"
391,시흥1동,FILE,MS,2023-11-06 15:45:06.917931,시흥1동에 대한 설명,"[시흥1동, '지역', '수도권']"
392,시흥2동,FILE,Charlie,2023-11-06 15:45:06.917931,시흥2동에 대한 설명,"[시흥2동, '지역', '수도권']"
393,김포본동,FILE,Royd,2023-11-06 15:45:06.917931,김포본동에 대한 설명,"[김포본동, '지역', '수도권']"
394,주안4동,FILE,Admin,2023-11-06 15:45:06.917931,주안4동에 대한 설명,"[주안4동, '지역', '수도권']"
395,주안5동,FILE,SY,2023-11-06 15:45:06.917931,주안5동에 대한 설명,"[주안5동, '지역', '수도권']"
396,별내동,FILE,Admin,2023-11-06 15:45:06.917931,별내동에 대한 설명,"[별내동, '지역', '수도권']"
397,별내면,FILE,JY,2023-11-06 15:45:06.917931,별내면에 대한 설명,"[별내면, '지역', '수도권']"
398,공릉1동,FILE,SY,2023-11-06 15:45:06.917931,공릉1동에 대한 설명,"[공릉1동, '지역', '수도권']"
399,상계3.4동,FILE,Pel,2023-11-06 15:45:06.917931,상계3.4동에 대한 설명,"[상계3.4동, '지역', '수도권']"
400,월계2동,FILE,JY,2023-11-06 15:45:06.917931,월계2동에 대한 설명,"[월계2동, '지역', '수도권']"
401,하계1동,FILE,Royd,2023-11-06 15:45:06.917931,하계1동에 대한 설명,"[하계1동, '지역', '수도권']"
402,방학3동,FILE,YS,2023-11-06 15:45:06.917931,방학3동에 대한 설명,"[방학3동, '지역', '수도권']"
403,창2동,FILE,Gasfard,2023-11-06 15:45:06.917931,창2동에 대한 설명,"[창2동, '지역', '수도권']"
404,창3동,FILE,SY,2023-11-06 15:45:06.917931,창3동에 대한 설명,"[창3동, '지역', '수도권']"
405,장안2동,FILE,YS,2023-11-06 15:45:06.917931,장안2동에 대한 설명,"[장안2동, '지역', '수도권']"
406,청량리동,FILE,Dhino,2023-11-06 15:45:06.917931,청량리동에 대한 설명,"[청량리동, '지역', '수도권']"
407,소요동,FILE,MS,2023-11-06 15:45:06.917931,소요동에 대한 설명,"[소요동, '지역', '수도권']"
408,사당1동,FILE,MS,2023-11-06 15:45:06.917931,사당1동에 대한 설명,"[사당1동, '지역', '수도권']"
409,사당2동,FILE,Gasfard,2023-11-06 15:45:06.917931,사당2동에 대한 설명,"[사당2동, '지역', '수도권']"
410,상도1동,FILE,SY,2023-11-06 15:45:06.917931,상도1동에 대한 설명,"[상도1동, '지역', '수도권']"
411,논현1동,FILE,Pierre,2023-11-06 15:45:06.917931,논현1동에 대한 설명,"[논현1동, '지역', '수도권']"
412,삼성2동,FILE,Gasfard,2023-11-06 15:45:06.917931,삼성2동에 대한 설명,"[삼성2동, '지역', '수도권']"
413,역삼1동,FILE,Pierre,2023-11-06 15:45:06.917931,역삼1동에 대한 설명,"[역삼1동, '지역', '수도권']"
414,일원본동,FILE,Dhino,2023-11-06 15:45:06.917931,일원본동에 대한 설명,"[일원본동, '지역', '수도권']"
415,번3동,FILE,Charlie,2023-11-06 15:45:06.917931,번3동에 대한 설명,"[번3동, '지역', '수도권']"
416,가양3동,FILE,SY,2023-11-06 15:45:06.917931,가양3동에 대한 설명,"[가양3동, '지역', '수도권']"
417,우장산동,FILE,SY,2023-11-06 15:45:06.917931,우장산동에 대한 설명,"[우장산동, '지역', '수도권']"
418,행주동,FILE,Pierre,2023-11-06 15:45:06.917931,행주동에 대한 설명,"[행주동, '지역', '수도권']"
419,남현동,FILE,YS,2023-11-06 15:45:06.917931,남현동에 대한 설명,"[남현동, '지역', '수도권']"
420,인헌동,FILE,Pel,2023-11-06 15:45:06.917931,인헌동에 대한 설명,"[인헌동, '지역', '수도권']"
421,행운동,FILE,Dhino,2023-11-06 15:45:06.917931,행운동에 대한 설명,"[행운동, '지역', '수도권']"
422,광명6동,FILE,Charlie,2023-11-06 15:45:06.917931,광명6동에 대한 설명,"[광명6동, '지역', '수도권']"
423,초월읍,FILE,Charlie,2023-11-06 15:45:06.917931,초월읍에 대한 설명,"[초월읍, '지역', '수도권']"
424,서초4동,FILE,SY,2023-11-06 15:45:06.917931,서초4동에 대한 설명,"[서초4동, '지역', '수도권']"
425,신도림동,FILE,Admin,2023-11-06 15:45:06.917931,신도림동에 대한 설명,"[신도림동, '지역', '수도권']"
426,인창동,FILE,Gasfard,2023-11-06 15:45:06.917931,인창동에 대한 설명,"[인창동, '지역', '수도권']"
427,금정동,FILE,Santiago,2023-11-06 15:45:06.917931,금정동에 대한 설명,"[금정동, '지역', '수도권']"
428,사우동,FILE,JH,2023-11-06 15:45:06.917931,사우동에 대한 설명,"[사우동, '지역', '수도권']"
429,하계2동,FILE,Pel,2023-11-06 15:45:06.917931,하계2동에 대한 설명,"[하계2동, '지역', '수도권']"
430,쌍문1동,FILE,YS,2023-11-06 15:45:06.917931,쌍문1동에 대한 설명,"[쌍문1동, '지역', '수도권']"
431,용신동,FILE,Admin,2023-11-06 15:45:06.917931,용신동에 대한 설명,"[용신동, '지역', '수도권']"
432,회기동,FILE,Royd,2023-11-06 15:45:06.917931,회기동에 대한 설명,"[회기동, '지역', '수도권']"
433,송내동,FILE,Charlie,2023-11-06 15:45:06.917931,송내동에 대한 설명,"[송내동, '지역', '수도권']"
434,신대방2동,FILE,JH,2023-11-06 15:45:06.917931,신대방2동에 대한 설명,"[신대방2동, '지역', '수도권']"
435,도화동,FILE,JH,2023-11-06 15:45:06.917931,도화동에 대한 설명,"[도화동, '지역', '수도권']"
436,논현2동,FILE,Admin,2023-11-06 15:45:06.917931,논현2동에 대한 설명,"[논현2동, '지역', '수도권']"
437,도곡1동,FILE,Pel,2023-11-06 15:45:06.917931,도곡1동에 대한 설명,"[도곡1동, '지역', '수도권']"
438,수유2동,FILE,Pel,2023-11-06 15:45:06.917931,수유2동에 대한 설명,"[수유2동, '지역', '수도권']"
439,성사1동,FILE,Dhino,2023-11-06 15:45:06.917931,성사1동에 대한 설명,"[성사1동, '지역', '수도권']"
440,마두2동,FILE,JH,2023-11-06 15:45:06.917931,마두2동에 대한 설명,"[마두2동, '지역', '수도권']"
441,신림동,FILE,Charlie,2023-11-06 15:45:06.917931,신림동에 대한 설명,"[신림동, '지역', '수도권']"
442,청룡동,FILE,SY,2023-11-06 15:45:06.917931,청룡동에 대한 설명,"[청룡동, '지역', '수도권']"
443,광명7동,FILE,Royd,2023-11-06 15:45:06.917931,광명7동에 대한 설명,"[광명7동, '지역', '수도권']"
444,하안1동,FILE,Pierre,2023-11-06 15:45:06.917931,하안1동에 대한 설명,"[하안1동, '지역', '수도권']"
445,광장동,FILE,MS,2023-11-06 15:45:06.917931,광장동에 대한 설명,"[광장동, '지역', '수도권']"
446,구의3동,FILE,MS,2023-11-06 15:45:06.917931,구의3동에 대한 설명,"[구의3동, '지역', '수도권']"
447,자양2동,FILE,Pel,2023-11-06 15:45:06.917931,자양2동에 대한 설명,"[자양2동, '지역', '수도권']"
448,개봉3동,FILE,YS,2023-11-06 15:45:06.917931,개봉3동에 대한 설명,"[개봉3동, '지역', '수도권']"
449,오류2동,FILE,Charlie,2023-11-06 15:45:06.917931,오류2동에 대한 설명,"[오류2동, '지역', '수도권']"
450,가산동,FILE,JH,2023-11-06 15:45:06.917931,가산동에 대한 설명,"[가산동, '지역', '수도권']"
451,독산3동,FILE,Charlie,2023-11-06 15:45:06.917931,독산3동에 대한 설명,"[독산3동, '지역', '수도권']"
452,시흥3동,FILE,MS,2023-11-06 15:45:06.917931,시흥3동에 대한 설명,"[시흥3동, '지역', '수도권']"
453,간석1동,FILE,Santiago,2023-11-06 15:45:06.917931,간석1동에 대한 설명,"[간석1동, '지역', '수도권']"
454,양정동,FILE,MS,2023-11-06 15:45:06.917931,양정동에 대한 설명,"[양정동, '지역', '수도권']"
455,공릉2동,FILE,Gasfard,2023-11-06 15:45:06.917931,공릉2동에 대한 설명,"[공릉2동, '지역', '수도권']"
456,상계5동,FILE,JH,2023-11-06 15:45:06.917931,상계5동에 대한 설명,"[상계5동, '지역', '수도권']"
457,월계3동,FILE,Royd,2023-11-06 15:45:06.917931,월계3동에 대한 설명,"[월계3동, '지역', '수도권']"
458,창4동,FILE,Pel,2023-11-06 15:45:06.917931,창4동에 대한 설명,"[창4동, '지역', '수도권']"
459,전농1동,FILE,Admin,2023-11-06 15:45:06.917931,전농1동에 대한 설명,"[전농1동, '지역', '수도권']"
460,상도2동,FILE,Pel,2023-11-06 15:45:06.917931,상도2동에 대한 설명,"[상도2동, '지역', '수도권']"
461,망원1동,FILE,Pel,2023-11-06 15:45:06.917931,망원1동에 대한 설명,"[망원1동, '지역', '수도권']"
462,서교동,FILE,Santiago,2023-11-06 15:45:06.917931,서교동에 대한 설명,"[서교동, '지역', '수도권']"
463,아현동,FILE,Royd,2023-11-06 15:45:06.917931,아현동에 대한 설명,"[아현동, '지역', '수도권']"
464,청담동,FILE,JY,2023-11-06 15:45:06.917931,청담동에 대한 설명,"[청담동, '지역', '수도권']"
465,둔촌2동,FILE,Charlie,2023-11-06 15:45:06.917931,둔촌2동에 대한 설명,"[둔촌2동, '지역', '수도권']"
466,공항동,FILE,SY,2023-11-06 15:45:06.917931,공항동에 대한 설명,"[공항동, '지역', '수도권']"
467,화곡8동,FILE,YS,2023-11-06 15:45:06.917931,화곡8동에 대한 설명,"[화곡8동, '지역', '수도권']"
468,화전동,FILE,Admin,2023-11-06 15:45:06.917931,화전동에 대한 설명,"[화전동, '지역', '수도권']"
469,송산동,FILE,Pierre,2023-11-06 15:45:06.917931,송산동에 대한 설명,"[송산동, '지역', '수도권']"
470,별양동,FILE,Pierre,2023-11-06 15:45:06.917931,별양동에 대한 설명,"[별양동, '지역', '수도권']"
471,신원동,FILE,Gasfard,2023-11-06 15:45:06.917931,신원동에 대한 설명,"[신원동, '지역', '수도권']"
472,광명2동,FILE,JY,2023-11-06 15:45:06.917931,광명2동에 대한 설명,"[광명2동, '지역', '수도권']"
473,소하1동,FILE,YS,2023-11-06 15:45:06.917931,소하1동에 대한 설명,"[소하1동, '지역', '수도권']"
474,중곡4동,FILE,Pierre,2023-11-06 15:45:06.917931,중곡4동에 대한 설명,"[중곡4동, '지역', '수도권']"
475,구로4동,FILE,Gasfard,2023-11-06 15:45:06.917931,구로4동에 대한 설명,"[구로4동, '지역', '수도권']"
476,광정동,FILE,Gasfard,2023-11-06 15:45:06.917931,광정동에 대한 설명,"[광정동, '지역', '수도권']"
477,양촌읍,FILE,Gasfard,2023-11-06 15:45:06.917931,양촌읍에 대한 설명,"[양촌읍, '지역', '수도권']"
478,와부읍,FILE,Dhino,2023-11-06 15:45:06.917931,와부읍에 대한 설명,"[와부읍, '지역', '수도권']"
479,흑석동,FILE,Admin,2023-11-06 15:45:06.917931,흑석동에 대한 설명,"[흑석동, '지역', '수도권']"
480,소사본동,FILE,Dhino,2023-11-06 15:45:06.917931,소사본동에 대한 설명,"[소사본동, '지역', '수도권']"
481,가평읍,FILE,Royd,2023-11-06 15:45:06.917931,가평읍에 대한 설명,"[가평읍, '지역', '수도권']"
482,청평면,FILE,Pierre,2023-11-06 15:45:06.917931,청평면에 대한 설명,"[청평면, '지역', '수도권']"
483,성내2동,FILE,Pierre,2023-11-06 15:45:06.917931,성내2동에 대한 설명,"[성내2동, '지역', '수도권']"
484,천호2동,FILE,SY,2023-11-06 15:45:06.917931,천호2동에 대한 설명,"[천호2동, '지역', '수도권']"
485,삼각산동,FILE,MS,2023-11-06 15:45:06.917931,삼각산동에 대한 설명,"[삼각산동, '지역', '수도권']"
486,수유3동,FILE,MS,2023-11-06 15:45:06.917931,수유3동에 대한 설명,"[수유3동, '지역', '수도권']"
487,일산1동,FILE,SY,2023-11-06 15:45:06.917931,일산1동에 대한 설명,"[일산1동, '지역', '수도권']"
488,광명3동,FILE,JH,2023-11-06 15:45:06.917931,광명3동에 대한 설명,"[광명3동, '지역', '수도권']"
489,하안2동,FILE,Dhino,2023-11-06 15:45:06.917931,하안2동에 대한 설명,"[하안2동, '지역', '수도권']"
490,자양3동,FILE,MS,2023-11-06 15:45:06.917931,자양3동에 대한 설명,"[자양3동, '지역', '수도권']"
491,고척1동,FILE,Admin,2023-11-06 15:45:06.917931,고척1동에 대한 설명,"[고척1동, '지역', '수도권']"
492,군포1동,FILE,Royd,2023-11-06 15:45:06.917931,군포1동에 대한 설명,"[군포1동, '지역', '수도권']"
493,시흥4동,FILE,JY,2023-11-06 15:45:06.917931,시흥4동에 대한 설명,"[시흥4동, '지역', '수도권']"
494,운양동,FILE,Dhino,2023-11-06 15:45:06.917931,운양동에 대한 설명,"[운양동, '지역', '수도권']"
495,간석3동,FILE,YS,2023-11-06 15:45:06.917931,간석3동에 대한 설명,"[간석3동, '지역', '수도권']"
496,쌍문2동,FILE,Dhino,2023-11-06 15:45:06.917931,쌍문2동에 대한 설명,"[쌍문2동, '지역', '수도권']"
497,창5동,FILE,YS,2023-11-06 15:45:06.917931,창5동에 대한 설명,"[창5동, '지역', '수도권']"
498,노량진1동,FILE,MS,2023-11-06 15:45:06.917931,노량진1동에 대한 설명,"[노량진1동, '지역', '수도권']"
499,연남동,FILE,Pierre,2023-11-06 15:45:06.917931,연남동에 대한 설명,"[연남동, '지역', '수도권']"
500,부평4동,FILE,Santiago,2023-11-06 15:45:06.917931,부평4동에 대한 설명,"[부평4동, '지역', '수도권']"
501,화곡본동,FILE,Dhino,2023-11-06 15:45:06.917931,화곡본동에 대한 설명,"[화곡본동, '지역', '수도권']"
502,화정1동,FILE,JH,2023-11-06 15:45:06.917931,화정1동에 대한 설명,"[화정1동, '지역', '수도권']"
503,백석1동,FILE,Admin,2023-11-06 15:45:06.917931,백석1동에 대한 설명,"[백석1동, '지역', '수도권']"
504,일산2동,FILE,SY,2023-11-06 15:45:06.917931,일산2동에 대한 설명,"[일산2동, '지역', '수도권']"
505,광명4동,FILE,SY,2023-11-06 15:45:06.917931,광명4동에 대한 설명,"[광명4동, '지역', '수도권']"
506,소하2동,FILE,Santiago,2023-11-06 15:45:06.917931,소하2동에 대한 설명,"[소하2동, '지역', '수도권']"
507,하안3동,FILE,Dhino,2023-11-06 15:45:06.917931,하안3동에 대한 설명,"[하안3동, '지역', '수도권']"
508,장기동,FILE,Pel,2023-11-06 15:45:06.917931,장기동에 대한 설명,"[장기동, '지역', '수도권']"
509,간석4동,FILE,Pierre,2023-11-06 15:45:06.917931,간석4동에 대한 설명,"[간석4동, '지역', '수도권']"
510,조안면,FILE,Pierre,2023-11-06 15:45:06.917931,조안면에 대한 설명,"[조안면, '지역', '수도권']"
511,중계1동,FILE,JY,2023-11-06 15:45:06.917931,중계1동에 대한 설명,"[중계1동, '지역', '수도권']"
512,도봉1동,FILE,JH,2023-11-06 15:45:06.917931,도봉1동에 대한 설명,"[도봉1동, '지역', '수도권']"
513,사당3동,FILE,Charlie,2023-11-06 15:45:06.917931,사당3동에 대한 설명,"[사당3동, '지역', '수도권']"
514,망원2동,FILE,Pel,2023-11-06 15:45:06.917931,망원2동에 대한 설명,"[망원2동, '지역', '수도권']"
515,가좌3동,FILE,Pierre,2023-11-06 15:45:06.917931,가좌3동에 대한 설명,"[가좌3동, '지역', '수도권']"
516,석남3동,FILE,YS,2023-11-06 15:45:06.917931,석남3동에 대한 설명,"[석남3동, '지역', '수도권']"
517,연희동,FILE,MS,2023-11-06 15:45:06.917931,연희동에 대한 설명,"[연희동, '지역', '수도권']"
518,수서동,FILE,Charlie,2023-11-06 15:45:06.917931,수서동에 대한 설명,"[수서동, '지역', '수도권']"
519,천호3동,FILE,YS,2023-11-06 15:45:06.917931,천호3동에 대한 설명,"[천호3동, '지역', '수도권']"
520,삼양동,FILE,Admin,2023-11-06 15:45:06.917931,삼양동에 대한 설명,"[삼양동, '지역', '수도권']"
521,방화1동,FILE,Pel,2023-11-06 15:45:06.917931,방화1동에 대한 설명,"[방화1동, '지역', '수도권']"
522,화곡1동,FILE,JH,2023-11-06 15:45:06.917931,화곡1동에 대한 설명,"[화곡1동, '지역', '수도권']"
523,계산1동,FILE,MS,2023-11-06 15:45:06.917931,계산1동에 대한 설명,"[계산1동, '지역', '수도권']"
524,신도동,FILE,Charlie,2023-11-06 15:45:06.917931,신도동에 대한 설명,"[신도동, '지역', '수도권']"
525,대학동,FILE,Santiago,2023-11-06 15:45:06.917931,대학동에 대한 설명,"[대학동, '지역', '수도권']"
526,구의1동,FILE,MS,2023-11-06 15:45:06.917931,구의1동에 대한 설명,"[구의1동, '지역', '수도권']"
527,군자동,FILE,SY,2023-11-06 15:45:06.917931,군자동에 대한 설명,"[군자동, '지역', '수도권']"
528,자양4동,FILE,Pel,2023-11-06 15:45:06.917931,자양4동에 대한 설명,"[자양4동, '지역', '수도권']"
529,화양동,FILE,Pel,2023-11-06 15:45:06.917931,화양동에 대한 설명,"[화양동, '지역', '수도권']"
530,갈매동,FILE,Pierre,2023-11-06 15:45:06.917931,갈매동에 대한 설명,"[갈매동, '지역', '수도권']"
531,산본1동,FILE,Charlie,2023-11-06 15:45:06.917931,산본1동에 대한 설명,"[산본1동, '지역', '수도권']"
532,독산4동,FILE,Admin,2023-11-06 15:45:06.917931,독산4동에 대한 설명,"[독산4동, '지역', '수도권']"
533,구월2동,FILE,Pel,2023-11-06 15:45:06.917931,구월2동에 대한 설명,"[구월2동, '지역', '수도권']"
534,진건읍,FILE,Dhino,2023-11-06 15:45:06.917931,진건읍에 대한 설명,"[진건읍, '지역', '수도권']"
535,상계10동,FILE,Dhino,2023-11-06 15:45:06.917931,상계10동에 대한 설명,"[상계10동, '지역', '수도권']"
536,상계6.7동,FILE,Gasfard,2023-11-06 15:45:06.917931,상계6.7동에 대한 설명,"[상계6.7동, '지역', '수도권']"
537,쌍문3동,FILE,Gasfard,2023-11-06 15:45:06.917931,쌍문3동에 대한 설명,"[쌍문3동, '지역', '수도권']"
538,이문1동,FILE,Dhino,2023-11-06 15:45:06.917931,이문1동에 대한 설명,"[이문1동, '지역', '수도권']"
539,휘경1동,FILE,Royd,2023-11-06 15:45:06.917931,휘경1동에 대한 설명,"[휘경1동, '지역', '수도권']"
540,상도3동,FILE,Dhino,2023-11-06 15:45:06.917931,상도3동에 대한 설명,"[상도3동, '지역', '수도권']"
541,성산1동,FILE,JY,2023-11-06 15:45:06.917931,성산1동에 대한 설명,"[성산1동, '지역', '수도권']"
542,갈산2동,FILE,Charlie,2023-11-06 15:45:06.917931,갈산2동에 대한 설명,"[갈산2동, '지역', '수도권']"
543,산곡2동,FILE,JY,2023-11-06 15:45:06.917931,산곡2동에 대한 설명,"[산곡2동, '지역', '수도권']"
544,가좌4동,FILE,SY,2023-11-06 15:45:06.917931,가좌4동에 대한 설명,"[가좌4동, '지역', '수도권']"
545,남가좌1동,FILE,JH,2023-11-06 15:45:06.917931,남가좌1동에 대한 설명,"[남가좌1동, '지역', '수도권']"
546,북가좌2동,FILE,Admin,2023-11-06 15:45:06.917931,북가좌2동에 대한 설명,"[북가좌2동, '지역', '수도권']"
547,충현동,FILE,Pierre,2023-11-06 15:45:06.917931,충현동에 대한 설명,"[충현동, '지역', '수도권']"
548,미아동,FILE,YS,2023-11-06 15:45:06.917931,미아동에 대한 설명,"[미아동, '지역', '수도권']"
549,우이동,FILE,Gasfard,2023-11-06 15:45:06.917931,우이동에 대한 설명,"[우이동, '지역', '수도권']"
550,화정2동,FILE,Admin,2023-11-06 15:45:06.917931,화정2동에 대한 설명,"[화정2동, '지역', '수도권']"
551,백석2동,FILE,YS,2023-11-06 15:45:06.917931,백석2동에 대한 설명,"[백석2동, '지역', '수도권']"
552,일산3동,FILE,JY,2023-11-06 15:45:06.917931,일산3동에 대한 설명,"[일산3동, '지역', '수도권']"
553,하안4동,FILE,Royd,2023-11-06 15:45:06.917931,하안4동에 대한 설명,"[하안4동, '지역', '수도권']"
554,학온동,FILE,YS,2023-11-06 15:45:06.917931,학온동에 대한 설명,"[학온동, '지역', '수도권']"
555,교문1동,FILE,Dhino,2023-11-06 15:45:06.917931,교문1동에 대한 설명,"[교문1동, '지역', '수도권']"
556,교문2동,FILE,Dhino,2023-11-06 15:45:06.917931,교문2동에 대한 설명,"[교문2동, '지역', '수도권']"
557,군포2동,FILE,YS,2023-11-06 15:45:06.917931,군포2동에 대한 설명,"[군포2동, '지역', '수도권']"
558,산본2동,FILE,Pierre,2023-11-06 15:45:06.917931,산본2동에 대한 설명,"[산본2동, '지역', '수도권']"
559,수리동,FILE,Admin,2023-11-06 15:45:06.917931,수리동에 대한 설명,"[수리동, '지역', '수도권']"
560,독산1동,FILE,MS,2023-11-06 15:45:06.917931,독산1동에 대한 설명,"[독산1동, '지역', '수도권']"
561,시흥5동,FILE,Pel,2023-11-06 15:45:06.917931,시흥5동에 대한 설명,"[시흥5동, '지역', '수도권']"
562,도화1동,FILE,JY,2023-11-06 15:45:06.917931,도화1동에 대한 설명,"[도화1동, '지역', '수도권']"
563,구월3동,FILE,Pierre,2023-11-06 15:45:06.917931,구월3동에 대한 설명,"[구월3동, '지역', '수도권']"
564,진접읍,FILE,Gasfard,2023-11-06 15:45:06.917931,진접읍에 대한 설명,"[진접읍, '지역', '수도권']"
565,도봉2동,FILE,Royd,2023-11-06 15:45:06.917931,도봉2동에 대한 설명,"[도봉2동, '지역', '수도권']"
566,전농2동,FILE,Royd,2023-11-06 15:45:06.917931,전농2동에 대한 설명,"[전농2동, '지역', '수도권']"
567,공덕동,FILE,Dhino,2023-11-06 15:45:06.917931,공덕동에 대한 설명,"[공덕동, '지역', '수도권']"
568,상암동,FILE,Pierre,2023-11-06 15:45:06.917931,상암동에 대한 설명,"[상암동, '지역', '수도권']"
569,염리동,FILE,Gasfard,2023-11-06 15:45:06.917931,염리동에 대한 설명,"[염리동, '지역', '수도권']"
570,부개2동,FILE,Pierre,2023-11-06 15:45:06.917931,부개2동에 대한 설명,"[부개2동, '지역', '수도권']"
571,검단1동,FILE,YS,2023-11-06 15:45:06.917931,검단1동에 대한 설명,"[검단1동, '지역', '수도권']"
572,홍은1동,FILE,Gasfard,2023-11-06 15:45:06.917931,홍은1동에 대한 설명,"[홍은1동, '지역', '수도권']"
573,홍제1동,FILE,SY,2023-11-06 15:45:06.917931,홍제1동에 대한 설명,"[홍제1동, '지역', '수도권']"
574,명일1동,FILE,Gasfard,2023-11-06 15:45:06.917931,명일1동에 대한 설명,"[명일1동, '지역', '수도권']"
575,계산2동,FILE,Dhino,2023-11-06 15:45:06.917931,계산2동에 대한 설명,"[계산2동, '지역', '수도권']"
576,식사동,FILE,JY,2023-11-06 15:45:06.917931,식사동에 대한 설명,"[식사동, '지역', '수도권']"
577,경안동,FILE,Admin,2023-11-06 15:45:06.917931,경안동에 대한 설명,"[경안동, '지역', '수도권']"
578,능동,FILE,Pel,2023-11-06 15:45:06.917931,능동에 대한 설명,"[능동, '지역', '수도권']"
579,고척2동,FILE,Admin,2023-11-06 15:45:06.917931,고척2동에 대한 설명,"[고척2동, '지역', '수도권']"
580,상계1동,FILE,Pierre,2023-11-06 15:45:06.917931,상계1동에 대한 설명,"[상계1동, '지역', '수도권']"
581,상계8동,FILE,Admin,2023-11-06 15:45:06.917931,상계8동에 대한 설명,"[상계8동, '지역', '수도권']"
582,중계2.3동,FILE,Charlie,2023-11-06 15:45:06.917931,중계2.3동에 대한 설명,"[중계2.3동, '지역', '수도권']"
583,금창동,FILE,Pierre,2023-11-06 15:45:06.917931,금창동에 대한 설명,"[금창동, '지역', '수도권']"
584,휘경2동,FILE,YS,2023-11-06 15:45:06.917931,휘경2동에 대한 설명,"[휘경2동, '지역', '수도권']"
585,사당4동,FILE,JH,2023-11-06 15:45:06.917931,사당4동에 대한 설명,"[사당4동, '지역', '수도권']"
586,상도4동,FILE,Santiago,2023-11-06 15:45:06.917931,상도4동에 대한 설명,"[상도4동, '지역', '수도권']"
587,삼산1동,FILE,JY,2023-11-06 15:45:06.917931,삼산1동에 대한 설명,"[삼산1동, '지역', '수도권']"
588,검단3동,FILE,Pel,2023-11-06 15:45:06.917931,검단3동에 대한 설명,"[검단3동, '지역', '수도권']"
589,북아현동,FILE,JH,2023-11-06 15:45:06.917931,북아현동에 대한 설명,"[북아현동, '지역', '수도권']"
590,홍제2동,FILE,MS,2023-11-06 15:45:06.917931,홍제2동에 대한 설명,"[홍제2동, '지역', '수도권']"
591,서울시외,FILE,MS,2023-11-06 15:45:06.917931,서울시외에 대한 설명,"[서울시외, '지역', '수도권']"
592,장항1동,FILE,JH,2023-11-06 15:45:06.917931,장항1동에 대한 설명,"[장항1동, '지역', '수도권']"
593,주엽1동,FILE,Admin,2023-11-06 15:45:06.917931,주엽1동에 대한 설명,"[주엽1동, '지역', '수도권']"
594,문학동,FILE,Royd,2023-11-06 15:45:06.917931,문학동에 대한 설명,"[문학동, '지역', '수도권']"
595,퇴계원면,FILE,Gasfard,2023-11-06 15:45:06.917931,퇴계원면에 대한 설명,"[퇴계원면, '지역', '수도권']"
596,쌍문4동,FILE,MS,2023-11-06 15:45:06.917931,쌍문4동에 대한 설명,"[쌍문4동, '지역', '수도권']"
597,송현1.2동,FILE,Pel,2023-11-06 15:45:06.917931,송현1.2동에 대한 설명,"[송현1.2동, '지역', '수도권']"
598,이문2동,FILE,Admin,2023-11-06 15:45:06.917931,이문2동에 대한 설명,"[이문2동, '지역', '수도권']"
599,노량진2동,FILE,Gasfard,2023-11-06 15:45:06.917931,노량진2동에 대한 설명,"[노량진2동, '지역', '수도권']"
600,성산2동,FILE,Pel,2023-11-06 15:45:06.917931,성산2동에 대한 설명,"[성산2동, '지역', '수도권']"
601,용강동,FILE,MS,2023-11-06 15:45:06.917931,용강동에 대한 설명,"[용강동, '지역', '수도권']"
602,부개3동,FILE,SY,2023-11-06 15:45:06.917931,부개3동에 대한 설명,"[부개3동, '지역', '수도권']"
603,검단4동,FILE,Charlie,2023-11-06 15:45:06.917931,검단4동에 대한 설명,"[검단4동, '지역', '수도권']"
604,천연동,FILE,Pel,2023-11-06 15:45:06.917931,천연동에 대한 설명,"[천연동, '지역', '수도권']"
605,송중동,FILE,Pel,2023-11-06 15:45:06.917931,송중동에 대한 설명,"[송중동, '지역', '수도권']"
606,인수동,FILE,MS,2023-11-06 15:45:06.917931,인수동에 대한 설명,"[인수동, '지역', '수도권']"
607,화곡2동,FILE,Santiago,2023-11-06 15:45:06.917931,화곡2동에 대한 설명,"[화곡2동, '지역', '수도권']"
608,창릉동,FILE,Dhino,2023-11-06 15:45:06.917931,창릉동에 대한 설명,"[창릉동, '지역', '수도권']"
609,효자동,FILE,JH,2023-11-06 15:45:06.917931,효자동에 대한 설명,"[효자동, '지역', '수도권']"
610,장항2동,FILE,JH,2023-11-06 15:45:06.917931,장항2동에 대한 설명,"[장항2동, '지역', '수도권']"
611,미성동,FILE,JY,2023-11-06 15:45:06.917931,미성동에 대한 설명,"[미성동, '지역', '수도권']"
612,곤지암읍,FILE,Pierre,2023-11-06 15:45:06.917931,곤지암읍에 대한 설명,"[곤지암읍, '지역', '수도권']"
613,중곡1동,FILE,Gasfard,2023-11-06 15:45:06.917931,중곡1동에 대한 설명,"[중곡1동, '지역', '수도권']"
614,숭의2동,FILE,Admin,2023-11-06 15:45:06.917931,숭의2동에 대한 설명,"[숭의2동, '지역', '수도권']"
615,용현5동,FILE,JH,2023-11-06 15:45:06.917931,용현5동에 대한 설명,"[용현5동, '지역', '수도권']"
616,논현고잔동,FILE,YS,2023-11-06 15:45:06.917931,논현고잔동에 대한 설명,"[논현고잔동, '지역', '수도권']"
617,방학1동,FILE,Gasfard,2023-11-06 15:45:06.917931,방학1동에 대한 설명,"[방학1동, '지역', '수도권']"
618,검단5동,FILE,Royd,2023-11-06 15:45:06.917931,검단5동에 대한 설명,"[검단5동, '지역', '수도권']"
619,남가좌2동,FILE,JH,2023-11-06 15:45:06.917931,남가좌2동에 대한 설명,"[남가좌2동, '지역', '수도권']"
620,홍은2동,FILE,SY,2023-11-06 15:45:06.917931,홍은2동에 대한 설명,"[홍은2동, '지역', '수도권']"
621,내곡동,FILE,MS,2023-11-06 15:45:06.917931,내곡동에 대한 설명,"[내곡동, '지역', '수도권']"
622,반포3동,FILE,Pel,2023-11-06 15:45:06.917931,반포3동에 대한 설명,"[반포3동, '지역', '수도권']"
623,암사2동,FILE,Admin,2023-11-06 15:45:06.917931,암사2동에 대한 설명,"[암사2동, '지역', '수도권']"
624,작전2동,FILE,Pierre,2023-11-06 15:45:06.917931,작전2동에 대한 설명,"[작전2동, '지역', '수도권']"
625,주엽2동,FILE,MS,2023-11-06 15:45:06.917931,주엽2동에 대한 설명,"[주엽2동, '지역', '수도권']"
626,탄현동,FILE,YS,2023-11-06 15:45:06.917931,탄현동에 대한 설명,"[탄현동, '지역', '수도권']"
627,구로1동,FILE,Royd,2023-11-06 15:45:06.917931,구로1동에 대한 설명,"[구로1동, '지역', '수도권']"
628,구래동,FILE,Charlie,2023-11-06 15:45:06.917931,구래동에 대한 설명,"[구래동, '지역', '수도권']"
629,만수1동,FILE,YS,2023-11-06 15:45:06.917931,만수1동에 대한 설명,"[만수1동, '지역', '수도권']"
630,만수5동,FILE,Charlie,2023-11-06 15:45:06.917931,만수5동에 대한 설명,"[만수5동, '지역', '수도권']"
631,평내동,FILE,Pel,2023-11-06 15:45:06.917931,평내동에 대한 설명,"[평내동, '지역', '수도권']"
632,상계2동,FILE,Dhino,2023-11-06 15:45:06.917931,상계2동에 대한 설명,"[상계2동, '지역', '수도권']"
633,상계9동,FILE,MS,2023-11-06 15:45:06.917931,상계9동에 대한 설명,"[상계9동, '지역', '수도권']"
634,중계4동,FILE,Admin,2023-11-06 15:45:06.917931,중계4동에 대한 설명,"[중계4동, '지역', '수도권']"
635,창1동,FILE,JY,2023-11-06 15:45:06.917931,창1동에 대한 설명,"[창1동, '지역', '수도권']"
636,답십리1동,FILE,JY,2023-11-06 15:45:06.917931,답십리1동에 대한 설명,"[답십리1동, '지역', '수도권']"
637,제기동,FILE,Charlie,2023-11-06 15:45:06.917931,제기동에 대한 설명,"[제기동, '지역', '수도권']"
638,보산동,FILE,Dhino,2023-11-06 15:45:06.917931,보산동에 대한 설명,"[보산동, '지역', '수도권']"
639,사당5동,FILE,Santiago,2023-11-06 15:45:06.917931,사당5동에 대한 설명,"[사당5동, '지역', '수도권']"
640,신대방1동,FILE,SY,2023-11-06 15:45:06.917931,신대방1동에 대한 설명,"[신대방1동, '지역', '수도권']"
641,서강동,FILE,Pel,2023-11-06 15:45:06.917931,서강동에 대한 설명,"[서강동, '지역', '수도권']"
642,부평1동,FILE,JH,2023-11-06 15:45:06.917931,부평1동에 대한 설명,"[부평1동, '지역', '수도권']"
643,삼산2동,FILE,YS,2023-11-06 15:45:06.917931,삼산2동에 대한 설명,"[삼산2동, '지역', '수도권']"
644,반포2동,FILE,Pierre,2023-11-06 15:45:06.917931,반포2동에 대한 설명,"[반포2동, '지역', '수도권']"
645,반포4동,FILE,Royd,2023-11-06 15:45:06.917931,반포4동에 대한 설명,"[반포4동, '지역', '수도권']"
646,반포본동,FILE,Santiago,2023-11-06 15:45:06.917931,반포본동에 대한 설명,"[반포본동, '지역', '수도권']"
647,명일2동,FILE,JY,2023-11-06 15:45:06.917931,명일2동에 대한 설명,"[명일2동, '지역', '수도권']"
648,번1동,FILE,Pierre,2023-11-06 15:45:06.917931,번1동에 대한 설명,"[번1동, '지역', '수도권']"
649,송천동,FILE,MS,2023-11-06 15:45:06.917931,송천동에 대한 설명,"[송천동, '지역', '수도권']"
650,방화2동,FILE,JY,2023-11-06 15:45:06.917931,방화2동에 대한 설명,"[방화2동, '지역', '수도권']"
651,행신1동,FILE,Charlie,2023-11-06 15:45:06.917931,행신1동에 대한 설명,"[행신1동, '지역', '수도권']"
652,정발산동,FILE,Pierre,2023-11-06 15:45:06.917931,정발산동에 대한 설명,"[정발산동, '지역', '수도권']"
653,난곡동,FILE,Dhino,2023-11-06 15:45:06.917931,난곡동에 대한 설명,"[난곡동, '지역', '수도권']"
654,보라매동,FILE,Pel,2023-11-06 15:45:06.917931,보라매동에 대한 설명,"[보라매동, '지역', '수도권']"
655,중곡2동,FILE,Charlie,2023-11-06 15:45:06.917931,중곡2동에 대한 설명,"[중곡2동, '지역', '수도권']"
656,장수서창동,FILE,Santiago,2023-11-06 15:45:06.917931,장수서창동에 대한 설명,"[장수서창동, '지역', '수도권']"
657,중계본동,FILE,JH,2023-11-06 15:45:06.917931,중계본동에 대한 설명,"[중계본동, '지역', '수도권']"
658,검암경서동,FILE,YS,2023-11-06 15:45:06.917931,검암경서동에 대한 설명,"[검암경서동, '지역', '수도권']"
659,방배4동,FILE,Royd,2023-11-06 15:45:06.917931,방배4동에 대한 설명,"[방배4동, '지역', '수도권']"
660,흥도동,FILE,Charlie,2023-11-06 15:45:06.917931,흥도동에 대한 설명,"[흥도동, '지역', '수도권']"
661,중산동,FILE,Charlie,2023-11-06 15:45:06.917931,중산동에 대한 설명,"[중산동, '지역', '수도권']"
662,구로2동,FILE,Charlie,2023-11-06 15:45:06.917931,구로2동에 대한 설명,"[구로2동, '지역', '수도권']"
663,주안2동,FILE,Dhino,2023-11-06 15:45:06.917931,주안2동에 대한 설명,"[주안2동, '지역', '수도권']"
664,화도읍,FILE,Santiago,2023-11-06 15:45:06.917931,화도읍에 대한 설명,"[화도읍, '지역', '수도권']"
665,월계1동,FILE,JH,2023-11-06 15:45:06.917931,월계1동에 대한 설명,"[월계1동, '지역', '수도권']"
666,방학2동,FILE,Santiago,2023-11-06 15:45:06.917931,방학2동에 대한 설명,"[방학2동, '지역', '수도권']"
667,답십리2동,FILE,JH,2023-11-06 15:45:06.917931,답십리2동에 대한 설명,"[답십리2동, '지역', '수도권']"
668,신수동,FILE,Gasfard,2023-11-06 15:45:06.917931,신수동에 대한 설명,"[신수동, '지역', '수도권']"
669,합정동,FILE,Pierre,2023-11-06 15:45:06.917931,합정동에 대한 설명,"[합정동, '지역', '수도권']"
670,부평2동,FILE,MS,2023-11-06 15:45:06.917931,부평2동에 대한 설명,"[부평2동, '지역', '수도권']"
671,십정2동,FILE,SY,2023-11-06 15:45:06.917931,십정2동에 대한 설명,"[십정2동, '지역', '수도권']"
672,석남2동,FILE,Gasfard,2023-11-06 15:45:06.917931,석남2동에 대한 설명,"[석남2동, '지역', '수도권']"
673,방배2동,FILE,Santiago,2023-11-06 15:45:06.917931,방배2동에 대한 설명,"[방배2동, '지역', '수도권']"
674,방배3동,FILE,Pierre,2023-11-06 15:45:06.917931,방배3동에 대한 설명,"[방배3동, '지역', '수도권']"
675,갈현동,FILE,Admin,2023-11-06 15:45:06.917931,갈현동에 대한 설명,"[갈현동, '지역', '수도권']"
676,생연2동,FILE,JH,2023-11-06 15:45:06.917931,생연2동에 대한 설명,"[생연2동, '지역', '수도권']"
677,북가좌1동,FILE,Admin,2023-11-06 15:45:06.917931,북가좌1동에 대한 설명,"[북가좌1동, '지역', '수도권']"
678,소사본3동,FILE,YS,2023-11-06 15:45:06.917931,소사본3동에 대한 설명,"[소사본3동, '지역', '수도권']"
679,가정1동,FILE,Charlie,2023-11-06 15:45:06.917931,가정1동에 대한 설명,"[가정1동, '지역', '수도권']"
680,서초1동,FILE,Royd,2023-11-06 15:45:06.917931,서초1동에 대한 설명,"[서초1동, '지역', '수도권']"
681,장단면,FILE,JH,2023-11-06 15:45:06.917931,장단면에 대한 설명,"[장단면, '지역', '수도권']"
682,일원1동,FILE,YS,2023-11-06 15:45:06.917931,일원1동에 대한 설명,"[일원1동, '지역', '수도권']"
683,일원2동,FILE,Gasfard,2023-11-06 15:45:06.917931,일원2동에 대한 설명,"[일원2동, '지역', '수도권']"
684,성내3동,FILE,Santiago,2023-11-06 15:45:06.917931,성내3동에 대한 설명,"[성내3동, '지역', '수도권']"
685,암사1동,FILE,YS,2023-11-06 15:45:06.917931,암사1동에 대한 설명,"[암사1동, '지역', '수도권']"
686,철산2동,FILE,Charlie,2023-11-06 15:45:06.917931,철산2동에 대한 설명,"[철산2동, '지역', '수도권']"
687,광명1동,FILE,Charlie,2023-11-06 15:45:06.917931,광명1동에 대한 설명,"[광명1동, '지역', '수도권']"
688,갈산1동,FILE,Santiago,2023-11-06 15:45:06.917931,갈산1동에 대한 설명,"[갈산1동, '지역', '수도권']"
689,등촌1동,FILE,Royd,2023-11-06 15:45:06.917931,등촌1동에 대한 설명,"[등촌1동, '지역', '수도권']"
